"","x"
"view",19694
"dorsal",8935
"male",8085
"later",7221
"nov",7200
"ventral",6070
"femal",5703
"holotyp",4612
"left",3399
"bar",3251
"head",2805
"paratyp",2446
"right",2250
"habitus",2085
"anterior",2066
"genitalia",1668
"leg",1589
"posterior",1575
"speci",1549
"seta",1351
"specimen",1350
"show",1337
"segment",1259
"fig",1221
"detail",1179
"adult",1134
"bodi",1044
"part",1037
"antenna",1008
"aedeagus",981
"distribut",941
"palp",922
"aspect",849
"plate",847
"region",844
"pereopod",842
"abdomin",808
"frontal",797
"wing",794
"retrolater",765
"distal",729
"local",701
"new",701
"abdomen",673
"photo",665
"carapac",651
"side",650
"prolater",633
"type",633
"arrow",619
"terminalia",608
"tergit",604
"length",592
"end",586
"apex",581
"indic",577
"sternit",577
"genit",572
"map",558
"pronotum",553
"margin",550
"the",545
"mesosoma",544
"face",530
"photograph",529
"first",521
"mandibl",499
"lobe",497
"larva",492
"iii",477
"area",475
"gen",463
"complex",460
"collect",443
"slide",443
"hind",433
"fore",430
"chelicera",428
"island",427
"maxillip",419
"two",419
"spermatheca",415
"same",414
"line",409
"second",409
"abbreviat",408
"spec",404
"viii",404
"extern",391
"process",390
"tibia",379
"basal",372
"apic",371
"median",369
"surfac",365
"note",362
"base",357
"maxilla",355
"portion",352
"pore",349
"metasoma",347
"ditto",341
"epigynum",338
"sem",330
"third",330
"valv",330
"usnm",329
"circl",328
"spp",326
"group",323
"lectotyp",323
"uropod",316
"appendag",311
"black",311
"oviger",310
"caudal",308
"see",308
"subgenit",296
"dorsalview",295
"instar",293
"paramer",293
"repres",291
"inner",285
"live",284
"vulva",283
"imag",278
"comb",275
"thorax",272
"label",271
"prep",271
"spine",271
"duct",269
"draw",268
"claw",266
"genus",265
"pattern",265
"thorac",264
"differ",263
"figur",261
"structur",260
"eye",256
"omit",253
"tip",253
"organ",252
"tarsus",252
"river",250
"chela",249
"sternum",249
"upper",249
"brazil",248
"preserv",248
"point",246
"anal",245
"lower",244
"charact",243
"color",242
"chelip",238
"front",237
"cephal",236
"mnhn",235
"outer",234
"materi",232
"shield",230
"epigyn",229
"epandrium",227
"mallinella",227
"intern",226
"pholcus",226
"pleopod",223
"south",221
"sclerit",220
"hypopygium",219
"pygof",218
"telson",217
"record",216
"provinc",215
"major",214
"section",213
"casent",212
"profil",210
"long",208
"femur",205
"idiosoma",205
"medial",204
"bmnh",203
"pereiopod",202
"lateralview",200
"shown",199
"embolus",195
"remov",194
"open",193
"style",192
"antennul",191
"dorsolater",191
"morpholog",191
"top",191
"termin",190
"illustr",189
"peni",189
"enlarg",187
"row",184
"apophysi",183
"connect",183
"number",183
"stage",182
"china",181
"copulatori",180
"egg",180
"clear",178
"small",178
"labium",177
"variat",177
"life",176
"chaetig",174
"tegmen",174
"system",173
"ventralview",173
"middl",172
"ovipositor",172
"scan",172
"antenn",171
"call",169
"pair",169
"procursus",169
"hypandri",167
"known",166
"three",165
"capsul",164
"one",164
"prov",163
"electron",160
"juvenil",158
"syntyp",158
"tail",158
"tooth",158
"gonopod",157
"habitat",157
"mesial",156
"state",156
"cercus",155
"squar",155
"tarsal",155
"minor",153
"triangl",153
"width",153
"coxa",152
"descript",152
"micrograph",152
"apparatus",151
"examin",151
"geograph",149
"hook",149
"coloni",148
"white",147
"vii",146
"colour",145
"dark",143
"flagellomer",143
"form",143
"respect",143
"svl",143
"without",143
"branch",142
"pupa",142
"whole",142
"bay",141
"papilla",141
"close",140
"pedipalpus",140
"project",140
"field",139
"locat",138
"measur",138
"ridg",137
"shape",137
"tube",137
"apodem",136
"dot",136
"sampl",136
"size",136
"individu",135
"propodeum",135
"red",135
"mark",134
"labrum",133
"megachil",131
"articl",130
"dactylus",130
"for",130
"nmnz",130
"surstylus",130
"tibial",130
"near",129
"phallus",129
"total",129
"worker",129
"gonostylus",128
"short",128
"fifth",127
"forew",127
"site",127
"australia",126
"last",126
"studi",126
"forest",125
"proxim",125
"slight",125
"except",124
"larg",123
"rang",123
"aedeag",122
"closeup",121
"entir",121
"lip",121
"palpus",121
"cover",120
"all",119
"central",119
"gnathosoma",119
"present",119
"transvers",119
"light",118
"sculptur",118
"oral",117
"shell",117
"half",116
"sea",115
"palpal",114
"dorsum",113
"general",113
"niwa",113
"scalebar",113
"sobarocephala",113
"matur",112
"origin",112
"teeth",112
"hypandrium",111
"maxillul",111
"fourth",110
"japan",109
"star",109
"bottom",108
"full",108
"internal",108
"psechrus",108
"seri",108
"cerci",107
"fullfac",105
"modifi",105
"refer",105
"tubercl",105
"allotyp",104
"fresh",104
"pleonit",102
"western",102
"mnrj",101
"brown",100
"schemat",100
"southern",100
"green",99
"rostrum",99
"maxillari",98
"posit",98
"thailand",98
"drawn",94
"use",94
"famili",91
"zhu",91
"includ",90
"equal",89
"explan",89
"partial",89
"smeringopus",88
